{"count":1,"self":62.3226112,"total":95.291305,"children":{"InitializeActuators":{"count":1,"self":0.0029938,"total":0.0029938,"children":null},"InitializeSensors":{"count":1,"self":0.0019904,"total":0.0019904,"children":null},"AgentSendState":{"count":3230,"self":0.09067059999999999,"total":0.1870463,"children":{"CollectObservations":{"count":659,"self":0.0156819,"total":0.0156819,"children":null},"CollectDiscreteActionMasks":{"count":659,"self":0.0064472999999999996,"total":0.0064472999999999996,"children":null},"RequestDecision":{"count":659,"self":0.030454799999999997,"total":0.074246499999999993,"children":{"AgentInfo.ToProto":{"count":659,"self":0.014889699999999999,"total":0.043791699999999996,"children":{"GenerateSensorData":{"count":659,"self":0.028901999999999997,"total":0.028901999999999997,"children":null}}}}}}},"DecideAction":{"count":3230,"self":32.670288,"total":32.670288,"children":null},"AgentAct":{"count":3230,"self":0.0932678,"total":0.09935469999999999,"children":{"AgentInfo.ToProto":{"count":30,"self":0.00099859999999999988,"total":0.0060869,"children":{"GenerateSensorData":{"count":30,"self":0.0050883,"total":0.0050883,"children":null}}}}}},"gauges":{"3DBall.CumulativeReward":{"count":30,"max":2.59999871,"min":0.4000002,"runningAverage":1.17333329,"value":0.8000003,"weightedAverage":0.961100042}},"metadata":{"timer_format_version":"0.1.0","start_time_seconds":"1635018295","unity_version":"2019.4.15f1","command_line_arguments":"C:\\Users\\Rohan Kadkol\\OneDrive - Louisiana State University\\MacBook\\Study\\7th Semester\\CSC 4444\\Code\\Unity\\Builds\\3DBall\\UnityEnvironment.exe --mlagents-port 5005","communication_protocol_version":"1.2.0","com.unity.ml-agents_version":"1.6.0-preview","scene_name":"3DBall","end_time_seconds":"1635018390"}}